"filename", "language", "PostCSS", "PowerShell", "Log", "JSON", "HTML", "comment", "blank", "total"
"c:\Program Files\Enigma-Tek\codeOrg\arc\cmd\07.14.2025_10.10.21_Get-ThisJunk\Get-ThisJunk.json", "JSON", 0, 0, 0, -9, 0, 0, -1, -10
"c:\Program Files\Enigma-Tek\codeOrg\arc\sql\07.12.2025_08.36.46_sdfgsdfgsdfg\sdfgsdfgsdfg.json", "JSON", 0, 0, 0, -4, 0, 0, -1, -5
"c:\Program Files\Enigma-Tek\codeOrg\files\commands\full\Det-PodeWebStuff3.json", "JSON", 0, 0, 0, -9, 0, 0, -1, -10
"c:\Program Files\Enigma-Tek\codeOrg\files\commands\full\Get-AzApplicationGateway.json", "JSON", 0, 0, 0, 9, 0, 0, 1, 10
"c:\Program Files\Enigma-Tek\codeOrg\files\commands\full\Get-AzApplicationGateway1.json", "JSON", 0, 0, 0, 9, 0, 0, 1, 10
"c:\Program Files\Enigma-Tek\codeOrg\files\commands\full\Get-ThisJunk44.json", "JSON", 0, 0, 0, -9, 0, 0, -1, -10
"c:\Program Files\Enigma-Tek\codeOrg\files\commands\full\hgkghkj.json", "JSON", 0, 0, 0, 9, 0, 0, 1, 10
"c:\Program Files\Enigma-Tek\codeOrg\files\commands\tbl\Det-PodeWebStuff3.json", "JSON", 0, 0, 0, -5, 0, 0, -1, -6
"c:\Program Files\Enigma-Tek\codeOrg\files\commands\tbl\Get-AzApplicationGateway.json", "JSON", 0, 0, 0, 5, 0, 0, 1, 6
"c:\Program Files\Enigma-Tek\codeOrg\files\commands\tbl\Get-AzApplicationGateway1.json", "JSON", 0, 0, 0, 5, 0, 0, 1, 6
"c:\Program Files\Enigma-Tek\codeOrg\files\commands\tbl\Get-ThisJunk44.json", "JSON", 0, 0, 0, -5, 0, 0, -1, -6
"c:\Program Files\Enigma-Tek\codeOrg\files\commands\tbl\hgkghkj.json", "JSON", 0, 0, 0, 5, 0, 0, 1, 6
"c:\Program Files\Enigma-Tek\codeOrg\files\powershell\scriptsHTML\Testing.html", "HTML", 0, 0, 0, 0, -93, 0, -35, -128
"c:\Program Files\Enigma-Tek\codeOrg\files\powershell\scriptsMeta\Testing.json", "JSON", 0, 0, 0, -9, 0, 0, -1, -10
"c:\Program Files\Enigma-Tek\codeOrg\files\powershell\scripts\Testing.ps1", "PowerShell", 0, -77, 0, 0, 0, -6, -34, -117
"c:\Program Files\Enigma-Tek\codeOrg\logs\errors\psCodeOrg_errors_2025-07-22_001.log", "Log", 0, 0, 1178, 0, 0, 0, 114, 1292
"c:\Program Files\Enigma-Tek\codeOrg\logs\errors\psCodeOrg_errors_2025-07-23_001.log", "Log", 0, 0, 21, 0, 0, 0, 3, 24
"c:\Program Files\Enigma-Tek\codeOrg\logs\requests\psCodeOrg_requests_2025-07-22_001.log", "Log", 0, 0, 1082, 0, 0, 0, 0, 1082
"c:\Program Files\Enigma-Tek\codeOrg\logs\requests\psCodeOrg_requests_2025-07-23_001.log", "Log", 0, 0, 2842, 0, 0, 0, 1, 2843
"c:\Program Files\Enigma-Tek\codeOrg\modules\Module_Modals.ps1", "PowerShell", 0, -4, 0, 0, 0, 0, -4, -8
"c:\Program Files\Enigma-Tek\codeOrg\modules\Module_Tools.ps1", "PowerShell", 0, -5, 0, 0, 0, 0, -4, -9
"c:\Program Files\Enigma-Tek\codeOrg\pages\Page_Home.ps1", "PowerShell", 0, -1, 0, 0, 0, 0, 0, -1
"c:\Program Files\Enigma-Tek\codeOrg\pages\Page_Oops.ps1", "PowerShell", 0, 2, 0, 0, 0, 0, -1, 1
"c:\Program Files\Enigma-Tek\codeOrg\pages\Page_codeHub.ps1", "PowerShell", 0, 0, 0, 0, 0, 0, 1, 1
"c:\Program Files\Enigma-Tek\codeOrg\pages\Page_commandUpdate.ps1", "PowerShell", 0, 1, 0, 0, 0, 0, 0, 1
"c:\Program Files\Enigma-Tek\codeOrg\public\style.css", "PostCSS", 3, 0, 0, 0, 0, 0, 0, 3
"Total", "-", 3, -84, 5123, -8, -93, -6, 40, 4975