"filename", "language", "PostCSS", "PowerShell", "Log", "JSON", "HTML", "comment", "blank", "total"
"c:\Program Files\Enigma-Tek\codeOrg\codeOrg.ps1", "PowerShell", 0, 24, 0, 0, 0, 29, 26, 79
"c:\Program Files\Enigma-Tek\codeOrg\files\commands\full\Get-AzApplicationGateway.json", "JSON", 0, 0, 0, 9, 0, 0, 1, 10
"c:\Program Files\Enigma-Tek\codeOrg\files\commands\full\Get-AzApplicationGateway1.json", "JSON", 0, 0, 0, 9, 0, 0, 1, 10
"c:\Program Files\Enigma-Tek\codeOrg\files\commands\full\hgkghkj.json", "JSON", 0, 0, 0, 9, 0, 0, 1, 10
"c:\Program Files\Enigma-Tek\codeOrg\files\commands\tbl\Get-AzApplicationGateway.json", "JSON", 0, 0, 0, 5, 0, 0, 1, 6
"c:\Program Files\Enigma-Tek\codeOrg\files\commands\tbl\Get-AzApplicationGateway1.json", "JSON", 0, 0, 0, 5, 0, 0, 1, 6
"c:\Program Files\Enigma-Tek\codeOrg\files\commands\tbl\hgkghkj.json", "JSON", 0, 0, 0, 5, 0, 0, 1, 6
"c:\Program Files\Enigma-Tek\codeOrg\files\configs\codeOrg.json", "JSON", 0, 0, 0, 4, 0, 0, 0, 4
"c:\Program Files\Enigma-Tek\codeOrg\files\configs\startUp.json", "JSON", 0, 0, 0, 0, 0, 0, 1, 1
"c:\Program Files\Enigma-Tek\codeOrg\files\kql\kqlMeta\sdfgsdfgsdfg.json", "JSON", 0, 0, 0, 4, 0, 0, 1, 5
"c:\Program Files\Enigma-Tek\codeOrg\files\powershell\scriptsHTML\Mackenzie(Restored).html", "HTML", 0, 0, 0, 0, 32, 0, 7, 39
"c:\Program Files\Enigma-Tek\codeOrg\files\powershell\scriptsMeta\Mackenzie(Restored).json", "JSON", 0, 0, 0, 9, 0, 0, 1, 10
"c:\Program Files\Enigma-Tek\codeOrg\files\powershell\scripts\Mackenzie(Restored).ps1", "PowerShell", 0, 14, 0, 0, 0, 8, 6, 28
"c:\Program Files\Enigma-Tek\codeOrg\files\powershell\snippetsMeta\faZcA.json", "JSON", 0, 0, 0, 6, 0, 0, 1, 7
"c:\Program Files\Enigma-Tek\codeOrg\files\powershell\snippetsMeta\xVmHr.json", "JSON", 0, 0, 0, 7, 0, 0, 1, 8
"c:\Program Files\Enigma-Tek\codeOrg\files\sql\sqlMeta\Testing portal.json", "JSON", 0, 0, 0, 4, 0, 0, 1, 5
"c:\Program Files\Enigma-Tek\codeOrg\logs\errors\psCodeOrg_errors_2025-07-09_001.log", "Log", 0, 0, 42, 0, 0, 0, 5, 47
"c:\Program Files\Enigma-Tek\codeOrg\logs\errors\psCodeOrg_errors_2025-07-10_001.log", "Log", 0, 0, 442, 0, 0, 0, 43, 485
"c:\Program Files\Enigma-Tek\codeOrg\logs\errors\psCodeOrg_errors_2025-07-11_001.log", "Log", 0, 0, 145, 0, 0, 0, 16, 161
"c:\Program Files\Enigma-Tek\codeOrg\logs\errors\psCodeOrg_errors_2025-07-12_001.log", "Log", 0, 0, 189, 0, 0, 0, 19, 208
"c:\Program Files\Enigma-Tek\codeOrg\logs\errors\psCodeOrg_errors_2025-07-14_001.log", "Log", 0, 0, 63, 0, 0, 0, 7, 70
"c:\Program Files\Enigma-Tek\codeOrg\logs\errors\psCodeOrg_errors_2025-07-16_001.log", "Log", 0, 0, 296, 0, 0, 0, 27, 323
"c:\Program Files\Enigma-Tek\codeOrg\logs\errors\psCodeOrg_errors_2025-07-21_001.log", "Log", 0, 0, 212, 0, 0, 0, 21, 233
"c:\Program Files\Enigma-Tek\codeOrg\logs\errors\psCodeOrg_errors_2025-07-22_001.log", "Log", 0, 0, 1283, 0, 0, 0, 125, 1408
"c:\Program Files\Enigma-Tek\codeOrg\logs\errors\psCodeOrg_errors_2025-07-23_001.log", "Log", 0, 0, 21, 0, 0, 0, 3, 24
"c:\Program Files\Enigma-Tek\codeOrg\logs\requests\podeWebDemo_requests_2025-05-27_001.log", "Log", 0, 0, 211, 0, 0, 0, 1, 212
"c:\Program Files\Enigma-Tek\codeOrg\logs\requests\podeWebDemo_requests_2025-05-28_001.log", "Log", 0, 0, 1264, 0, 0, 0, 1, 1265
"c:\Program Files\Enigma-Tek\codeOrg\logs\requests\psCodeOrg_requests_2025-05-31_001.log", "Log", 0, 0, 525, 0, 0, 0, 1, 526
"c:\Program Files\Enigma-Tek\codeOrg\logs\requests\psCodeOrg_requests_2025-06-01_001.log", "Log", 0, 0, 1265, 0, 0, 0, 1, 1266
"c:\Program Files\Enigma-Tek\codeOrg\logs\requests\psCodeOrg_requests_2025-06-02_001.log", "Log", 0, 0, 2420, 0, 0, 0, 1, 2421
"c:\Program Files\Enigma-Tek\codeOrg\logs\requests\psCodeOrg_requests_2025-06-03_001.log", "Log", 0, 0, 418, 0, 0, 0, 1, 419
"c:\Program Files\Enigma-Tek\codeOrg\logs\requests\psCodeOrg_requests_2025-06-04_001.log", "Log", 0, 0, 462, 0, 0, 0, 1, 463
"c:\Program Files\Enigma-Tek\codeOrg\logs\requests\psCodeOrg_requests_2025-06-05_001.log", "Log", 0, 0, 397, 0, 0, 0, 1, 398
"c:\Program Files\Enigma-Tek\codeOrg\logs\requests\psCodeOrg_requests_2025-06-06_001.log", "Log", 0, 0, 3228, 0, 0, 0, 1, 3229
"c:\Program Files\Enigma-Tek\codeOrg\logs\requests\psCodeOrg_requests_2025-06-07_001.log", "Log", 0, 0, 1924, 0, 0, 0, 1, 1925
"c:\Program Files\Enigma-Tek\codeOrg\logs\requests\psCodeOrg_requests_2025-06-08_001.log", "Log", 0, 0, 3375, 0, 0, 0, 1, 3376
"c:\Program Files\Enigma-Tek\codeOrg\logs\requests\psCodeOrg_requests_2025-06-09_001.log", "Log", 0, 0, 1455, 0, 0, 0, 1, 1456
"c:\Program Files\Enigma-Tek\codeOrg\logs\requests\psCodeOrg_requests_2025-06-10_001.log", "Log", 0, 0, 918, 0, 0, 0, 1, 919
"c:\Program Files\Enigma-Tek\codeOrg\logs\requests\psCodeOrg_requests_2025-06-11_001.log", "Log", 0, 0, 3951, 0, 0, 0, 1, 3952
"c:\Program Files\Enigma-Tek\codeOrg\logs\requests\psCodeOrg_requests_2025-06-12_001.log", "Log", 0, 0, 1318, 0, 0, 0, 1, 1319
"c:\Program Files\Enigma-Tek\codeOrg\logs\requests\psCodeOrg_requests_2025-06-13_001.log", "Log", 0, 0, 2257, 0, 0, 0, 1, 2258
"c:\Program Files\Enigma-Tek\codeOrg\logs\requests\psCodeOrg_requests_2025-06-14_001.log", "Log", 0, 0, 998, 0, 0, 0, 1, 999
"c:\Program Files\Enigma-Tek\codeOrg\logs\requests\psCodeOrg_requests_2025-06-16_001.log", "Log", 0, 0, 2865, 0, 0, 0, 1, 2866
"c:\Program Files\Enigma-Tek\codeOrg\logs\requests\psCodeOrg_requests_2025-06-17_001.log", "Log", 0, 0, 2355, 0, 0, 0, 1, 2356
"c:\Program Files\Enigma-Tek\codeOrg\logs\requests\psCodeOrg_requests_2025-06-18_001.log", "Log", 0, 0, 2081, 0, 0, 0, 1, 2082
"c:\Program Files\Enigma-Tek\codeOrg\logs\requests\psCodeOrg_requests_2025-06-23_001.log", "Log", 0, 0, 2555, 0, 0, 0, 1, 2556
"c:\Program Files\Enigma-Tek\codeOrg\logs\requests\psCodeOrg_requests_2025-06-24_001.log", "Log", 0, 0, 1515, 0, 0, 0, 1, 1516
"c:\Program Files\Enigma-Tek\codeOrg\logs\requests\psCodeOrg_requests_2025-06-25_001.log", "Log", 0, 0, 3213, 0, 0, 0, 1, 3214
"c:\Program Files\Enigma-Tek\codeOrg\logs\requests\psCodeOrg_requests_2025-06-26_001.log", "Log", 0, 0, 1627, 0, 0, 0, 1, 1628
"c:\Program Files\Enigma-Tek\codeOrg\logs\requests\psCodeOrg_requests_2025-06-27_001.log", "Log", 0, 0, 98, 0, 0, 0, 1, 99
"c:\Program Files\Enigma-Tek\codeOrg\logs\requests\psCodeOrg_requests_2025-06-29_001.log", "Log", 0, 0, 331, 0, 0, 0, 1, 332
"c:\Program Files\Enigma-Tek\codeOrg\logs\requests\psCodeOrg_requests_2025-06-30_001.log", "Log", 0, 0, 2404, 0, 0, 0, 1, 2405
"c:\Program Files\Enigma-Tek\codeOrg\logs\requests\psCodeOrg_requests_2025-07-01_001.log", "Log", 0, 0, 1287, 0, 0, 0, 1, 1288
"c:\Program Files\Enigma-Tek\codeOrg\logs\requests\psCodeOrg_requests_2025-07-02_001.log", "Log", 0, 0, 1051, 0, 0, 0, 1, 1052
"c:\Program Files\Enigma-Tek\codeOrg\logs\requests\psCodeOrg_requests_2025-07-05_001.log", "Log", 0, 0, 683, 0, 0, 0, 1, 684
"c:\Program Files\Enigma-Tek\codeOrg\logs\requests\psCodeOrg_requests_2025-07-06_001.log", "Log", 0, 0, 1619, 0, 0, 0, 1, 1620
"c:\Program Files\Enigma-Tek\codeOrg\logs\requests\psCodeOrg_requests_2025-07-08_001.log", "Log", 0, 0, 535, 0, 0, 0, 1, 536
"c:\Program Files\Enigma-Tek\codeOrg\logs\requests\psCodeOrg_requests_2025-07-09_001.log", "Log", 0, 0, 1203, 0, 0, 0, 1, 1204
"c:\Program Files\Enigma-Tek\codeOrg\logs\requests\psCodeOrg_requests_2025-07-10_001.log", "Log", 0, 0, 1313, 0, 0, 0, 1, 1314
"c:\Program Files\Enigma-Tek\codeOrg\logs\requests\psCodeOrg_requests_2025-07-11_001.log", "Log", 0, 0, 11, 0, 0, 0, 1, 12
"c:\Program Files\Enigma-Tek\codeOrg\logs\requests\psCodeOrg_requests_2025-07-12_001.log", "Log", 0, 0, 456, 0, 0, 0, 1, 457
"c:\Program Files\Enigma-Tek\codeOrg\logs\requests\psCodeOrg_requests_2025-07-14_001.log", "Log", 0, 0, 2154, 0, 0, 0, 1, 2155
"c:\Program Files\Enigma-Tek\codeOrg\logs\requests\psCodeOrg_requests_2025-07-16_001.log", "Log", 0, 0, 648, 0, 0, 0, 1, 649
"c:\Program Files\Enigma-Tek\codeOrg\logs\requests\psCodeOrg_requests_2025-07-21_001.log", "Log", 0, 0, 1407, 0, 0, 0, 1, 1408
"c:\Program Files\Enigma-Tek\codeOrg\logs\requests\psCodeOrg_requests_2025-07-22_001.log", "Log", 0, 0, 1957, 0, 0, 0, 1, 1958
"c:\Program Files\Enigma-Tek\codeOrg\logs\requests\psCodeOrg_requests_2025-07-23_001.log", "Log", 0, 0, 2842, 0, 0, 0, 1, 2843
"c:\Program Files\Enigma-Tek\codeOrg\modules\Module_Modals.ps1", "PowerShell", 0, 145, 0, 0, 0, 17, 101, 263
"c:\Program Files\Enigma-Tek\codeOrg\modules\Module_Tools.ps1", "PowerShell", 0, 108, 0, 0, 0, 4, 41, 153
"c:\Program Files\Enigma-Tek\codeOrg\pages\Page_AboutHelp.ps1", "PowerShell", 0, 5, 0, 0, 0, 1, 4, 10
"c:\Program Files\Enigma-Tek\codeOrg\pages\Page_Home.ps1", "PowerShell", 0, 53, 0, 0, 0, 2, 17, 72
"c:\Program Files\Enigma-Tek\codeOrg\pages\Page_Oops.ps1", "PowerShell", 0, 137, 0, 0, 0, 4, 51, 192
"c:\Program Files\Enigma-Tek\codeOrg\pages\Page_codeHub.ps1", "PowerShell", 0, 312, 0, 0, 0, 9, 99, 420
"c:\Program Files\Enigma-Tek\codeOrg\pages\Page_commandDisplay.ps1", "PowerShell", 0, 46, 0, 0, 0, 1, 11, 58
"c:\Program Files\Enigma-Tek\codeOrg\pages\Page_commandInput.ps1", "PowerShell", 0, 45, 0, 0, 0, 0, 22, 67
"c:\Program Files\Enigma-Tek\codeOrg\pages\Page_commandUpdate.ps1", "PowerShell", 0, 73, 0, 0, 0, 1, 34, 108
"c:\Program Files\Enigma-Tek\codeOrg\pages\Page_formOptions.ps1", "PowerShell", 0, 120, 0, 0, 0, 0, 50, 170
"c:\Program Files\Enigma-Tek\codeOrg\pages\Page_kqlDisplay.ps1", "PowerShell", 0, 26, 0, 0, 0, 0, 10, 36
"c:\Program Files\Enigma-Tek\codeOrg\pages\Page_kqlInput.ps1", "PowerShell", 0, 44, 0, 0, 0, 0, 21, 65
"c:\Program Files\Enigma-Tek\codeOrg\pages\Page_kqlUpdate.ps1", "PowerShell", 0, 62, 0, 0, 0, 0, 32, 94
"c:\Program Files\Enigma-Tek\codeOrg\pages\Page_psCodePaste.ps1", "PowerShell", 0, 67, 0, 0, 0, 2, 26, 95
"c:\Program Files\Enigma-Tek\codeOrg\pages\Page_psCodeUpload.ps1", "PowerShell", 0, 55, 0, 0, 0, 2, 26, 83
"c:\Program Files\Enigma-Tek\codeOrg\pages\Page_psScriptCodeUpdate.ps1", "PowerShell", 0, 21, 0, 0, 0, 0, 8, 29
"c:\Program Files\Enigma-Tek\codeOrg\pages\Page_psScriptDisplay.ps1", "PowerShell", 0, 63, 0, 0, 0, 1, 10, 74
"c:\Program Files\Enigma-Tek\codeOrg\pages\Page_psScriptInfoUpdate.ps1", "PowerShell", 0, 110, 0, 0, 0, 1, 41, 152
"c:\Program Files\Enigma-Tek\codeOrg\pages\Page_snipCodePaste.ps1", "PowerShell", 0, 46, 0, 0, 0, 2, 23, 71
"c:\Program Files\Enigma-Tek\codeOrg\pages\Page_snipDisplay.ps1", "PowerShell", 0, 34, 0, 0, 0, 1, 9, 44
"c:\Program Files\Enigma-Tek\codeOrg\pages\Page_snipUpdate.ps1", "PowerShell", 0, 52, 0, 0, 0, 1, 28, 81
"c:\Program Files\Enigma-Tek\codeOrg\pages\Page_sqlDisplay.ps1", "PowerShell", 0, 26, 0, 0, 0, 0, 12, 38
"c:\Program Files\Enigma-Tek\codeOrg\pages\Page_sqlInput.ps1", "PowerShell", 0, 44, 0, 0, 0, 0, 21, 65
"c:\Program Files\Enigma-Tek\codeOrg\pages\Page_sqlUpdate.ps1", "PowerShell", 0, 62, 0, 0, 0, 0, 30, 92
"c:\Program Files\Enigma-Tek\codeOrg\pages\Page_updateCodeOrg.ps1", "PowerShell", 0, 5, 0, 0, 0, 1, 4, 10
"c:\Program Files\Enigma-Tek\codeOrg\public\style.css", "PostCSS", 22, 0, 0, 0, 0, 0, 6, 28
"c:\Program Files\Enigma-Tek\codeOrg\server.psd1", "PowerShell", 0, 29, 0, 0, 0, 0, 1, 30
"Total", "-", 22, 1828, 65289, 76, 32, 87, 1096, 68430