"filename", "language", "PowerShell", "PostCSS", "JSON", "HTML", "Log", "comment", "blank", "total"
"c:\Program Files\Enigma-Tek\codeOrg\arc\cmd\07.14.2025_10.10.21_Get-ThisJunk\Get-ThisJunk.json", "JSON", 0, 0, 9, 0, 0, 0, 1, 10
"c:\Program Files\Enigma-Tek\codeOrg\arc\sql\07.12.2025_08.36.46_sdfgsdfgsdfg\sdfgsdfgsdfg.json", "JSON", 0, 0, 4, 0, 0, 0, 1, 5
"c:\Program Files\Enigma-Tek\codeOrg\codeOrg.ps1", "PowerShell", 24, 0, 0, 0, 0, 29, 26, 79
"c:\Program Files\Enigma-Tek\codeOrg\files\commands\full\Det-PodeWebStuff3.json", "JSON", 0, 0, 9, 0, 0, 0, 1, 10
"c:\Program Files\Enigma-Tek\codeOrg\files\commands\full\Get-ThisJunk44.json", "JSON", 0, 0, 9, 0, 0, 0, 1, 10
"c:\Program Files\Enigma-Tek\codeOrg\files\commands\tbl\Det-PodeWebStuff3.json", "JSON", 0, 0, 5, 0, 0, 0, 1, 6
"c:\Program Files\Enigma-Tek\codeOrg\files\commands\tbl\Get-ThisJunk44.json", "JSON", 0, 0, 5, 0, 0, 0, 1, 6
"c:\Program Files\Enigma-Tek\codeOrg\files\configs\codeOrg.json", "JSON", 0, 0, 4, 0, 0, 0, 0, 4
"c:\Program Files\Enigma-Tek\codeOrg\files\configs\startUp.json", "JSON", 0, 0, 0, 0, 0, 0, 1, 1
"c:\Program Files\Enigma-Tek\codeOrg\files\kql\kqlMeta\sdfgsdfgsdfg.json", "JSON", 0, 0, 4, 0, 0, 0, 1, 5
"c:\Program Files\Enigma-Tek\codeOrg\files\powershell\scriptsHTML\Mackenzie(Restored).html", "HTML", 0, 0, 0, 32, 0, 0, 7, 39
"c:\Program Files\Enigma-Tek\codeOrg\files\powershell\scriptsHTML\Testing.html", "HTML", 0, 0, 0, 93, 0, 0, 35, 128
"c:\Program Files\Enigma-Tek\codeOrg\files\powershell\scriptsMeta\Mackenzie(Restored).json", "JSON", 0, 0, 9, 0, 0, 0, 1, 10
"c:\Program Files\Enigma-Tek\codeOrg\files\powershell\scriptsMeta\Testing.json", "JSON", 0, 0, 9, 0, 0, 0, 1, 10
"c:\Program Files\Enigma-Tek\codeOrg\files\powershell\scripts\Mackenzie(Restored).ps1", "PowerShell", 14, 0, 0, 0, 0, 8, 6, 28
"c:\Program Files\Enigma-Tek\codeOrg\files\powershell\scripts\Testing.ps1", "PowerShell", 77, 0, 0, 0, 0, 6, 34, 117
"c:\Program Files\Enigma-Tek\codeOrg\files\powershell\snippetsMeta\faZcA.json", "JSON", 0, 0, 6, 0, 0, 0, 1, 7
"c:\Program Files\Enigma-Tek\codeOrg\files\powershell\snippetsMeta\xVmHr.json", "JSON", 0, 0, 7, 0, 0, 0, 1, 8
"c:\Program Files\Enigma-Tek\codeOrg\files\sql\sqlMeta\Testing portal.json", "JSON", 0, 0, 4, 0, 0, 0, 1, 5
"c:\Program Files\Enigma-Tek\codeOrg\logs\errors\psCodeOrg_errors_2025-07-09_001.log", "Log", 0, 0, 0, 0, 42, 0, 5, 47
"c:\Program Files\Enigma-Tek\codeOrg\logs\errors\psCodeOrg_errors_2025-07-10_001.log", "Log", 0, 0, 0, 0, 442, 0, 43, 485
"c:\Program Files\Enigma-Tek\codeOrg\logs\errors\psCodeOrg_errors_2025-07-11_001.log", "Log", 0, 0, 0, 0, 145, 0, 16, 161
"c:\Program Files\Enigma-Tek\codeOrg\logs\errors\psCodeOrg_errors_2025-07-12_001.log", "Log", 0, 0, 0, 0, 189, 0, 19, 208
"c:\Program Files\Enigma-Tek\codeOrg\logs\errors\psCodeOrg_errors_2025-07-14_001.log", "Log", 0, 0, 0, 0, 63, 0, 7, 70
"c:\Program Files\Enigma-Tek\codeOrg\logs\errors\psCodeOrg_errors_2025-07-16_001.log", "Log", 0, 0, 0, 0, 296, 0, 27, 323
"c:\Program Files\Enigma-Tek\codeOrg\logs\errors\psCodeOrg_errors_2025-07-21_001.log", "Log", 0, 0, 0, 0, 212, 0, 21, 233
"c:\Program Files\Enigma-Tek\codeOrg\logs\errors\psCodeOrg_errors_2025-07-22_001.log", "Log", 0, 0, 0, 0, 105, 0, 11, 116
"c:\Program Files\Enigma-Tek\codeOrg\logs\requests\podeWebDemo_requests_2025-05-27_001.log", "Log", 0, 0, 0, 0, 211, 0, 1, 212
"c:\Program Files\Enigma-Tek\codeOrg\logs\requests\podeWebDemo_requests_2025-05-28_001.log", "Log", 0, 0, 0, 0, 1264, 0, 1, 1265
"c:\Program Files\Enigma-Tek\codeOrg\logs\requests\psCodeOrg_requests_2025-05-31_001.log", "Log", 0, 0, 0, 0, 525, 0, 1, 526
"c:\Program Files\Enigma-Tek\codeOrg\logs\requests\psCodeOrg_requests_2025-06-01_001.log", "Log", 0, 0, 0, 0, 1265, 0, 1, 1266
"c:\Program Files\Enigma-Tek\codeOrg\logs\requests\psCodeOrg_requests_2025-06-02_001.log", "Log", 0, 0, 0, 0, 2420, 0, 1, 2421
"c:\Program Files\Enigma-Tek\codeOrg\logs\requests\psCodeOrg_requests_2025-06-03_001.log", "Log", 0, 0, 0, 0, 418, 0, 1, 419
"c:\Program Files\Enigma-Tek\codeOrg\logs\requests\psCodeOrg_requests_2025-06-04_001.log", "Log", 0, 0, 0, 0, 462, 0, 1, 463
"c:\Program Files\Enigma-Tek\codeOrg\logs\requests\psCodeOrg_requests_2025-06-05_001.log", "Log", 0, 0, 0, 0, 397, 0, 1, 398
"c:\Program Files\Enigma-Tek\codeOrg\logs\requests\psCodeOrg_requests_2025-06-06_001.log", "Log", 0, 0, 0, 0, 3228, 0, 1, 3229
"c:\Program Files\Enigma-Tek\codeOrg\logs\requests\psCodeOrg_requests_2025-06-07_001.log", "Log", 0, 0, 0, 0, 1924, 0, 1, 1925
"c:\Program Files\Enigma-Tek\codeOrg\logs\requests\psCodeOrg_requests_2025-06-08_001.log", "Log", 0, 0, 0, 0, 3375, 0, 1, 3376
"c:\Program Files\Enigma-Tek\codeOrg\logs\requests\psCodeOrg_requests_2025-06-09_001.log", "Log", 0, 0, 0, 0, 1455, 0, 1, 1456
"c:\Program Files\Enigma-Tek\codeOrg\logs\requests\psCodeOrg_requests_2025-06-10_001.log", "Log", 0, 0, 0, 0, 918, 0, 1, 919
"c:\Program Files\Enigma-Tek\codeOrg\logs\requests\psCodeOrg_requests_2025-06-11_001.log", "Log", 0, 0, 0, 0, 3951, 0, 1, 3952
"c:\Program Files\Enigma-Tek\codeOrg\logs\requests\psCodeOrg_requests_2025-06-12_001.log", "Log", 0, 0, 0, 0, 1318, 0, 1, 1319
"c:\Program Files\Enigma-Tek\codeOrg\logs\requests\psCodeOrg_requests_2025-06-13_001.log", "Log", 0, 0, 0, 0, 2257, 0, 1, 2258
"c:\Program Files\Enigma-Tek\codeOrg\logs\requests\psCodeOrg_requests_2025-06-14_001.log", "Log", 0, 0, 0, 0, 998, 0, 1, 999
"c:\Program Files\Enigma-Tek\codeOrg\logs\requests\psCodeOrg_requests_2025-06-16_001.log", "Log", 0, 0, 0, 0, 2865, 0, 1, 2866
"c:\Program Files\Enigma-Tek\codeOrg\logs\requests\psCodeOrg_requests_2025-06-17_001.log", "Log", 0, 0, 0, 0, 2355, 0, 1, 2356
"c:\Program Files\Enigma-Tek\codeOrg\logs\requests\psCodeOrg_requests_2025-06-18_001.log", "Log", 0, 0, 0, 0, 2081, 0, 1, 2082
"c:\Program Files\Enigma-Tek\codeOrg\logs\requests\psCodeOrg_requests_2025-06-23_001.log", "Log", 0, 0, 0, 0, 2555, 0, 1, 2556
"c:\Program Files\Enigma-Tek\codeOrg\logs\requests\psCodeOrg_requests_2025-06-24_001.log", "Log", 0, 0, 0, 0, 1515, 0, 1, 1516
"c:\Program Files\Enigma-Tek\codeOrg\logs\requests\psCodeOrg_requests_2025-06-25_001.log", "Log", 0, 0, 0, 0, 3213, 0, 1, 3214
"c:\Program Files\Enigma-Tek\codeOrg\logs\requests\psCodeOrg_requests_2025-06-26_001.log", "Log", 0, 0, 0, 0, 1627, 0, 1, 1628
"c:\Program Files\Enigma-Tek\codeOrg\logs\requests\psCodeOrg_requests_2025-06-27_001.log", "Log", 0, 0, 0, 0, 98, 0, 1, 99
"c:\Program Files\Enigma-Tek\codeOrg\logs\requests\psCodeOrg_requests_2025-06-29_001.log", "Log", 0, 0, 0, 0, 331, 0, 1, 332
"c:\Program Files\Enigma-Tek\codeOrg\logs\requests\psCodeOrg_requests_2025-06-30_001.log", "Log", 0, 0, 0, 0, 2404, 0, 1, 2405
"c:\Program Files\Enigma-Tek\codeOrg\logs\requests\psCodeOrg_requests_2025-07-01_001.log", "Log", 0, 0, 0, 0, 1287, 0, 1, 1288
"c:\Program Files\Enigma-Tek\codeOrg\logs\requests\psCodeOrg_requests_2025-07-02_001.log", "Log", 0, 0, 0, 0, 1051, 0, 1, 1052
"c:\Program Files\Enigma-Tek\codeOrg\logs\requests\psCodeOrg_requests_2025-07-05_001.log", "Log", 0, 0, 0, 0, 683, 0, 1, 684
"c:\Program Files\Enigma-Tek\codeOrg\logs\requests\psCodeOrg_requests_2025-07-06_001.log", "Log", 0, 0, 0, 0, 1619, 0, 1, 1620
"c:\Program Files\Enigma-Tek\codeOrg\logs\requests\psCodeOrg_requests_2025-07-08_001.log", "Log", 0, 0, 0, 0, 535, 0, 1, 536
"c:\Program Files\Enigma-Tek\codeOrg\logs\requests\psCodeOrg_requests_2025-07-09_001.log", "Log", 0, 0, 0, 0, 1203, 0, 1, 1204
"c:\Program Files\Enigma-Tek\codeOrg\logs\requests\psCodeOrg_requests_2025-07-10_001.log", "Log", 0, 0, 0, 0, 1313, 0, 1, 1314
"c:\Program Files\Enigma-Tek\codeOrg\logs\requests\psCodeOrg_requests_2025-07-11_001.log", "Log", 0, 0, 0, 0, 11, 0, 1, 12
"c:\Program Files\Enigma-Tek\codeOrg\logs\requests\psCodeOrg_requests_2025-07-12_001.log", "Log", 0, 0, 0, 0, 456, 0, 1, 457
"c:\Program Files\Enigma-Tek\codeOrg\logs\requests\psCodeOrg_requests_2025-07-14_001.log", "Log", 0, 0, 0, 0, 2154, 0, 1, 2155
"c:\Program Files\Enigma-Tek\codeOrg\logs\requests\psCodeOrg_requests_2025-07-16_001.log", "Log", 0, 0, 0, 0, 648, 0, 1, 649
"c:\Program Files\Enigma-Tek\codeOrg\logs\requests\psCodeOrg_requests_2025-07-21_001.log", "Log", 0, 0, 0, 0, 1407, 0, 1, 1408
"c:\Program Files\Enigma-Tek\codeOrg\logs\requests\psCodeOrg_requests_2025-07-22_001.log", "Log", 0, 0, 0, 0, 875, 0, 1, 876
"c:\Program Files\Enigma-Tek\codeOrg\modules\Module_Modals.ps1", "PowerShell", 149, 0, 0, 0, 0, 17, 105, 271
"c:\Program Files\Enigma-Tek\codeOrg\modules\Module_Tools.ps1", "PowerShell", 113, 0, 0, 0, 0, 4, 45, 162
"c:\Program Files\Enigma-Tek\codeOrg\pages\Page_AboutHelp.ps1", "PowerShell", 5, 0, 0, 0, 0, 1, 4, 10
"c:\Program Files\Enigma-Tek\codeOrg\pages\Page_Home.ps1", "PowerShell", 54, 0, 0, 0, 0, 2, 17, 73
"c:\Program Files\Enigma-Tek\codeOrg\pages\Page_Oops.ps1", "PowerShell", 135, 0, 0, 0, 0, 4, 52, 191
"c:\Program Files\Enigma-Tek\codeOrg\pages\Page_codeHub.ps1", "PowerShell", 312, 0, 0, 0, 0, 9, 98, 419
"c:\Program Files\Enigma-Tek\codeOrg\pages\Page_commandDisplay.ps1", "PowerShell", 46, 0, 0, 0, 0, 1, 11, 58
"c:\Program Files\Enigma-Tek\codeOrg\pages\Page_commandInput.ps1", "PowerShell", 45, 0, 0, 0, 0, 0, 22, 67
"c:\Program Files\Enigma-Tek\codeOrg\pages\Page_commandUpdate.ps1", "PowerShell", 72, 0, 0, 0, 0, 1, 34, 107
"c:\Program Files\Enigma-Tek\codeOrg\pages\Page_formOptions.ps1", "PowerShell", 120, 0, 0, 0, 0, 0, 50, 170
"c:\Program Files\Enigma-Tek\codeOrg\pages\Page_kqlDisplay.ps1", "PowerShell", 26, 0, 0, 0, 0, 0, 10, 36
"c:\Program Files\Enigma-Tek\codeOrg\pages\Page_kqlInput.ps1", "PowerShell", 44, 0, 0, 0, 0, 0, 21, 65
"c:\Program Files\Enigma-Tek\codeOrg\pages\Page_kqlUpdate.ps1", "PowerShell", 62, 0, 0, 0, 0, 0, 32, 94
"c:\Program Files\Enigma-Tek\codeOrg\pages\Page_psCodePaste.ps1", "PowerShell", 67, 0, 0, 0, 0, 2, 26, 95
"c:\Program Files\Enigma-Tek\codeOrg\pages\Page_psCodeUpload.ps1", "PowerShell", 55, 0, 0, 0, 0, 2, 26, 83
"c:\Program Files\Enigma-Tek\codeOrg\pages\Page_psScriptCodeUpdate.ps1", "PowerShell", 21, 0, 0, 0, 0, 0, 8, 29
"c:\Program Files\Enigma-Tek\codeOrg\pages\Page_psScriptDisplay.ps1", "PowerShell", 63, 0, 0, 0, 0, 1, 10, 74
"c:\Program Files\Enigma-Tek\codeOrg\pages\Page_psScriptInfoUpdate.ps1", "PowerShell", 110, 0, 0, 0, 0, 1, 41, 152
"c:\Program Files\Enigma-Tek\codeOrg\pages\Page_snipCodePaste.ps1", "PowerShell", 46, 0, 0, 0, 0, 2, 23, 71
"c:\Program Files\Enigma-Tek\codeOrg\pages\Page_snipDisplay.ps1", "PowerShell", 34, 0, 0, 0, 0, 1, 9, 44
"c:\Program Files\Enigma-Tek\codeOrg\pages\Page_snipUpdate.ps1", "PowerShell", 52, 0, 0, 0, 0, 1, 28, 81
"c:\Program Files\Enigma-Tek\codeOrg\pages\Page_sqlDisplay.ps1", "PowerShell", 26, 0, 0, 0, 0, 0, 12, 38
"c:\Program Files\Enigma-Tek\codeOrg\pages\Page_sqlInput.ps1", "PowerShell", 44, 0, 0, 0, 0, 0, 21, 65
"c:\Program Files\Enigma-Tek\codeOrg\pages\Page_sqlUpdate.ps1", "PowerShell", 62, 0, 0, 0, 0, 0, 30, 92
"c:\Program Files\Enigma-Tek\codeOrg\pages\Page_updateCodeOrg.ps1", "PowerShell", 5, 0, 0, 0, 0, 1, 4, 10
"c:\Program Files\Enigma-Tek\codeOrg\public\style.css", "PostCSS", 0, 19, 0, 0, 0, 0, 6, 25
"c:\Program Files\Enigma-Tek\codeOrg\server.psd1", "PowerShell", 29, 0, 0, 0, 0, 0, 1, 30
"Total", "-", 1912, 19, 84, 125, 60166, 93, 1056, 63455