{"file:///c%3A/Program%20Files/Enigma-Tek/codeOrg/public/style.css":{"language":"PostCSS","code":19,"comment":0,"blank":6},"file:///c%3A/Program%20Files/Enigma-Tek/codeOrg/server.psd1":{"language":"PowerShell","code":29,"comment":0,"blank":1},"file:///c%3A/Program%20Files/Enigma-Tek/codeOrg/pages/Page_commandInput.ps1":{"language":"PowerShell","code":45,"comment":0,"blank":22},"file:///c%3A/Program%20Files/Enigma-Tek/codeOrg/pages/Page_AboutHelp.ps1":{"language":"PowerShell","code":5,"comment":1,"blank":4},"file:///c%3A/Program%20Files/Enigma-Tek/codeOrg/pages/Page_commandUpdate.ps1":{"language":"PowerShell","code":72,"comment":1,"blank":34},"file:///c%3A/Program%20Files/Enigma-Tek/codeOrg/pages/Page_kqlInput.ps1":{"language":"PowerShell","code":44,"comment":0,"blank":21},"file:///c%3A/Program%20Files/Enigma-Tek/codeOrg/pages/Page_kqlDisplay.ps1":{"language":"PowerShell","code":26,"comment":0,"blank":10},"file:///c%3A/Program%20Files/Enigma-Tek/codeOrg/pages/Page_kqlUpdate.ps1":{"language":"PowerShell","code":62,"comment":0,"blank":32},"file:///c%3A/Program%20Files/Enigma-Tek/codeOrg/pages/Page_Home.ps1":{"language":"PowerShell","code":54,"comment":2,"blank":17},"file:///c%3A/Program%20Files/Enigma-Tek/codeOrg/arc/sql/07.12.2025_08.36.46_sdfgsdfgsdfg/sdfgsdfgsdfg.json":{"language":"JSON","code":4,"comment":0,"blank":1},"file:///c%3A/Program%20Files/Enigma-Tek/codeOrg/pages/Page_psScriptDisplay.ps1":{"language":"PowerShell","code":63,"comment":1,"blank":10},"file:///c%3A/Program%20Files/Enigma-Tek/codeOrg/pages/Page_psScriptCodeUpdate.ps1":{"language":"PowerShell","code":21,"comment":0,"blank":8},"file:///c%3A/Program%20Files/Enigma-Tek/codeOrg/pages/Page_psScriptInfoUpdate.ps1":{"language":"PowerShell","code":110,"comment":1,"blank":41},"file:///c%3A/Program%20Files/Enigma-Tek/codeOrg/pages/Page_snipCodePaste.ps1":{"language":"PowerShell","code":46,"comment":2,"blank":23},"file:///c%3A/Program%20Files/Enigma-Tek/codeOrg/pages/Page_snipDisplay.ps1":{"language":"PowerShell","code":34,"comment":1,"blank":9},"file:///c%3A/Program%20Files/Enigma-Tek/codeOrg/pages/Page_sqlInput.ps1":{"language":"PowerShell","code":44,"comment":0,"blank":21},"file:///c%3A/Program%20Files/Enigma-Tek/codeOrg/logs/errors/psCodeOrg_errors_2025-07-22_001.log":{"language":"Log","code":105,"comment":0,"blank":11},"file:///c%3A/Program%20Files/Enigma-Tek/codeOrg/pages/Page_sqlDisplay.ps1":{"language":"PowerShell","code":26,"comment":0,"blank":12},"file:///c%3A/Program%20Files/Enigma-Tek/codeOrg/pages/Page_snipUpdate.ps1":{"language":"PowerShell","code":52,"comment":1,"blank":28},"file:///c%3A/Program%20Files/Enigma-Tek/codeOrg/pages/Page_updateCodeOrg.ps1":{"language":"PowerShell","code":5,"comment":1,"blank":4},"file:///c%3A/Program%20Files/Enigma-Tek/codeOrg/pages/Page_sqlUpdate.ps1":{"language":"PowerShell","code":62,"comment":0,"blank":30},"file:///c%3A/Program%20Files/Enigma-Tek/codeOrg/logs/errors/psCodeOrg_errors_2025-07-21_001.log":{"language":"Log","code":212,"comment":0,"blank":21},"file:///c%3A/Program%20Files/Enigma-Tek/codeOrg/files/kql/kqlMeta/sdfgsdfgsdfg.json":{"language":"JSON","code":4,"comment":0,"blank":1},"file:///c%3A/Program%20Files/Enigma-Tek/codeOrg/files/commands/tbl/Det-PodeWebStuff3.json":{"language":"JSON","code":5,"comment":0,"blank":1},"file:///c%3A/Program%20Files/Enigma-Tek/codeOrg/files/commands/tbl/Get-ThisJunk44.json":{"language":"JSON","code":5,"comment":0,"blank":1},"file:///c%3A/Program%20Files/Enigma-Tek/codeOrg/files/sql/sqlMeta/Testing%20portal.json":{"language":"JSON","code":4,"comment":0,"blank":1},"file:///c%3A/Program%20Files/Enigma-Tek/codeOrg/files/powershell/scriptsMeta/Testing.json":{"language":"JSON","code":9,"comment":0,"blank":1},"file:///c%3A/Program%20Files/Enigma-Tek/codeOrg/files/powershell/scriptsMeta/Mackenzie%28Restored%29.json":{"language":"JSON","code":9,"comment":0,"blank":1},"file:///c%3A/Program%20Files/Enigma-Tek/codeOrg/files/powershell/snippetsMeta/faZcA.json":{"language":"JSON","code":6,"comment":0,"blank":1},"file:///c%3A/Program%20Files/Enigma-Tek/codeOrg/files/powershell/snippetsMeta/xVmHr.json":{"language":"JSON","code":7,"comment":0,"blank":1},"file:///c%3A/Program%20Files/Enigma-Tek/codeOrg/pages/Page_psCodeUpload.ps1":{"language":"PowerShell","code":55,"comment":2,"blank":26},"file:///c%3A/Program%20Files/Enigma-Tek/codeOrg/logs/errors/psCodeOrg_errors_2025-07-16_001.log":{"language":"Log","code":296,"comment":0,"blank":27},"file:///c%3A/Program%20Files/Enigma-Tek/codeOrg/arc/cmd/07.14.2025_10.10.21_Get-ThisJunk/Get-ThisJunk.json":{"language":"JSON","code":9,"comment":0,"blank":1},"file:///c%3A/Program%20Files/Enigma-Tek/codeOrg/pages/Page_psCodePaste.ps1":{"language":"PowerShell","code":67,"comment":2,"blank":26},"file:///c%3A/Program%20Files/Enigma-Tek/codeOrg/logs/errors/psCodeOrg_errors_2025-07-12_001.log":{"language":"Log","code":189,"comment":0,"blank":19},"file:///c%3A/Program%20Files/Enigma-Tek/codeOrg/pages/Page_Oops.ps1":{"language":"PowerShell","code":135,"comment":4,"blank":52},"file:///c%3A/Program%20Files/Enigma-Tek/codeOrg/logs/errors/psCodeOrg_errors_2025-07-14_001.log":{"language":"Log","code":63,"comment":0,"blank":7},"file:///c%3A/Program%20Files/Enigma-Tek/codeOrg/files/powershell/scriptsHTML/Mackenzie%28Restored%29.html":{"language":"HTML","code":32,"comment":0,"blank":7},"file:///c%3A/Program%20Files/Enigma-Tek/codeOrg/modules/Module_Tools.ps1":{"language":"PowerShell","code":113,"comment":4,"blank":45},"file:///c%3A/Program%20Files/Enigma-Tek/codeOrg/modules/Module_Modals.ps1":{"language":"PowerShell","code":149,"comment":17,"blank":105},"file:///c%3A/Program%20Files/Enigma-Tek/codeOrg/pages/Page_formOptions.ps1":{"language":"PowerShell","code":120,"comment":0,"blank":50},"file:///c%3A/Program%20Files/Enigma-Tek/codeOrg/pages/Page_commandDisplay.ps1":{"language":"PowerShell","code":46,"comment":1,"blank":11},"file:///c%3A/Program%20Files/Enigma-Tek/codeOrg/logs/errors/psCodeOrg_errors_2025-07-11_001.log":{"language":"Log","code":145,"comment":0,"blank":16},"file:///c%3A/Program%20Files/Enigma-Tek/codeOrg/codeOrg.ps1":{"language":"PowerShell","code":24,"comment":29,"blank":26},"file:///c%3A/Program%20Files/Enigma-Tek/codeOrg/files/commands/full/Det-PodeWebStuff3.json":{"language":"JSON","code":9,"comment":0,"blank":1},"file:///c%3A/Program%20Files/Enigma-Tek/codeOrg/pages/Page_codeHub.ps1":{"language":"PowerShell","code":312,"comment":9,"blank":98},"file:///c%3A/Program%20Files/Enigma-Tek/codeOrg/logs/errors/psCodeOrg_errors_2025-07-10_001.log":{"language":"Log","code":442,"comment":0,"blank":43},"file:///c%3A/Program%20Files/Enigma-Tek/codeOrg/files/commands/full/Get-ThisJunk44.json":{"language":"JSON","code":9,"comment":0,"blank":1},"file:///c%3A/Program%20Files/Enigma-Tek/codeOrg/files/configs/startUp.json":{"language":"JSON","code":0,"comment":0,"blank":1},"file:///c%3A/Program%20Files/Enigma-Tek/codeOrg/files/powershell/scripts/Mackenzie%28Restored%29.ps1":{"language":"PowerShell","code":14,"comment":8,"blank":6},"file:///c%3A/Program%20Files/Enigma-Tek/codeOrg/files/configs/codeOrg.json":{"language":"JSON","code":4,"comment":0,"blank":0},"file:///c%3A/Program%20Files/Enigma-Tek/codeOrg/logs/errors/psCodeOrg_errors_2025-07-09_001.log":{"language":"Log","code":42,"comment":0,"blank":5},"file:///c%3A/Program%20Files/Enigma-Tek/codeOrg/logs/requests/psCodeOrg_requests_2025-07-22_001.log":{"language":"Log","code":875,"comment":0,"blank":1},"file:///c%3A/Program%20Files/Enigma-Tek/codeOrg/files/powershell/scriptsHTML/Testing.html":{"language":"HTML","code":93,"comment":0,"blank":35},"file:///c%3A/Program%20Files/Enigma-Tek/codeOrg/files/powershell/scripts/Testing.ps1":{"language":"PowerShell","code":77,"comment":6,"blank":34},"file:///c%3A/Program%20Files/Enigma-Tek/codeOrg/logs/requests/psCodeOrg_requests_2025-07-16_001.log":{"language":"Log","code":648,"comment":0,"blank":1},"file:///c%3A/Program%20Files/Enigma-Tek/codeOrg/logs/requests/psCodeOrg_requests_2025-07-12_001.log":{"language":"Log","code":456,"comment":0,"blank":1},"file:///c%3A/Program%20Files/Enigma-Tek/codeOrg/logs/requests/psCodeOrg_requests_2025-07-21_001.log":{"language":"Log","code":1407,"comment":0,"blank":1},"file:///c%3A/Program%20Files/Enigma-Tek/codeOrg/logs/requests/psCodeOrg_requests_2025-07-11_001.log":{"language":"Log","code":11,"comment":0,"blank":1},"file:///c%3A/Program%20Files/Enigma-Tek/codeOrg/logs/requests/psCodeOrg_requests_2025-07-14_001.log":{"language":"Log","code":2154,"comment":0,"blank":1},"file:///c%3A/Program%20Files/Enigma-Tek/codeOrg/logs/requests/psCodeOrg_requests_2025-07-09_001.log":{"language":"Log","code":1203,"comment":0,"blank":1},"file:///c%3A/Program%20Files/Enigma-Tek/codeOrg/logs/requests/psCodeOrg_requests_2025-07-10_001.log":{"language":"Log","code":1313,"comment":0,"blank":1},"file:///c%3A/Program%20Files/Enigma-Tek/codeOrg/logs/requests/psCodeOrg_requests_2025-07-02_001.log":{"language":"Log","code":1051,"comment":0,"blank":1},"file:///c%3A/Program%20Files/Enigma-Tek/codeOrg/logs/requests/psCodeOrg_requests_2025-07-05_001.log":{"language":"Log","code":683,"comment":0,"blank":1},"file:///c%3A/Program%20Files/Enigma-Tek/codeOrg/logs/requests/psCodeOrg_requests_2025-07-01_001.log":{"language":"Log","code":1287,"comment":0,"blank":1},"file:///c%3A/Program%20Files/Enigma-Tek/codeOrg/logs/requests/psCodeOrg_requests_2025-06-27_001.log":{"language":"Log","code":98,"comment":0,"blank":1},"file:///c%3A/Program%20Files/Enigma-Tek/codeOrg/logs/requests/psCodeOrg_requests_2025-07-08_001.log":{"language":"Log","code":535,"comment":0,"blank":1},"file:///c%3A/Program%20Files/Enigma-Tek/codeOrg/logs/requests/psCodeOrg_requests_2025-06-26_001.log":{"language":"Log","code":1627,"comment":0,"blank":1},"file:///c%3A/Program%20Files/Enigma-Tek/codeOrg/logs/requests/psCodeOrg_requests_2025-06-29_001.log":{"language":"Log","code":331,"comment":0,"blank":1},"file:///c%3A/Program%20Files/Enigma-Tek/codeOrg/logs/requests/psCodeOrg_requests_2025-07-06_001.log":{"language":"Log","code":1619,"comment":0,"blank":1},"file:///c%3A/Program%20Files/Enigma-Tek/codeOrg/logs/requests/psCodeOrg_requests_2025-06-24_001.log":{"language":"Log","code":1515,"comment":0,"blank":1},"file:///c%3A/Program%20Files/Enigma-Tek/codeOrg/logs/requests/psCodeOrg_requests_2025-06-18_001.log":{"language":"Log","code":2081,"comment":0,"blank":1},"file:///c%3A/Program%20Files/Enigma-Tek/codeOrg/logs/requests/psCodeOrg_requests_2025-06-14_001.log":{"language":"Log","code":998,"comment":0,"blank":1},"file:///c%3A/Program%20Files/Enigma-Tek/codeOrg/logs/requests/psCodeOrg_requests_2025-06-10_001.log":{"language":"Log","code":918,"comment":0,"blank":1},"file:///c%3A/Program%20Files/Enigma-Tek/codeOrg/logs/requests/psCodeOrg_requests_2025-06-12_001.log":{"language":"Log","code":1318,"comment":0,"blank":1},"file:///c%3A/Program%20Files/Enigma-Tek/codeOrg/logs/requests/psCodeOrg_requests_2025-06-09_001.log":{"language":"Log","code":1455,"comment":0,"blank":1},"file:///c%3A/Program%20Files/Enigma-Tek/codeOrg/logs/requests/psCodeOrg_requests_2025-06-05_001.log":{"language":"Log","code":397,"comment":0,"blank":1},"file:///c%3A/Program%20Files/Enigma-Tek/codeOrg/logs/requests/psCodeOrg_requests_2025-06-04_001.log":{"language":"Log","code":462,"comment":0,"blank":1},"file:///c%3A/Program%20Files/Enigma-Tek/codeOrg/logs/requests/psCodeOrg_requests_2025-06-07_001.log":{"language":"Log","code":1924,"comment":0,"blank":1},"file:///c%3A/Program%20Files/Enigma-Tek/codeOrg/logs/requests/psCodeOrg_requests_2025-06-03_001.log":{"language":"Log","code":418,"comment":0,"blank":1},"file:///c%3A/Program%20Files/Enigma-Tek/codeOrg/logs/requests/psCodeOrg_requests_2025-05-31_001.log":{"language":"Log","code":525,"comment":0,"blank":1},"file:///c%3A/Program%20Files/Enigma-Tek/codeOrg/logs/requests/psCodeOrg_requests_2025-06-01_001.log":{"language":"Log","code":1265,"comment":0,"blank":1},"file:///c%3A/Program%20Files/Enigma-Tek/codeOrg/logs/requests/podeWebDemo_requests_2025-05-28_001.log":{"language":"Log","code":1264,"comment":0,"blank":1},"file:///c%3A/Program%20Files/Enigma-Tek/codeOrg/logs/requests/psCodeOrg_requests_2025-06-30_001.log":{"language":"Log","code":2404,"comment":0,"blank":1},"file:///c%3A/Program%20Files/Enigma-Tek/codeOrg/logs/requests/psCodeOrg_requests_2025-06-23_001.log":{"language":"Log","code":2555,"comment":0,"blank":1},"file:///c%3A/Program%20Files/Enigma-Tek/codeOrg/logs/requests/psCodeOrg_requests_2025-06-13_001.log":{"language":"Log","code":2257,"comment":0,"blank":1},"file:///c%3A/Program%20Files/Enigma-Tek/codeOrg/logs/requests/psCodeOrg_requests_2025-06-17_001.log":{"language":"Log","code":2355,"comment":0,"blank":1},"file:///c%3A/Program%20Files/Enigma-Tek/codeOrg/logs/requests/psCodeOrg_requests_2025-06-16_001.log":{"language":"Log","code":2865,"comment":0,"blank":1},"file:///c%3A/Program%20Files/Enigma-Tek/codeOrg/logs/requests/psCodeOrg_requests_2025-06-25_001.log":{"language":"Log","code":3213,"comment":0,"blank":1},"file:///c%3A/Program%20Files/Enigma-Tek/codeOrg/logs/requests/psCodeOrg_requests_2025-06-08_001.log":{"language":"Log","code":3375,"comment":0,"blank":1},"file:///c%3A/Program%20Files/Enigma-Tek/codeOrg/logs/requests/psCodeOrg_requests_2025-06-11_001.log":{"language":"Log","code":3951,"comment":0,"blank":1},"file:///c%3A/Program%20Files/Enigma-Tek/codeOrg/logs/requests/psCodeOrg_requests_2025-06-06_001.log":{"language":"Log","code":3228,"comment":0,"blank":1},"file:///c%3A/Program%20Files/Enigma-Tek/codeOrg/logs/requests/podeWebDemo_requests_2025-05-27_001.log":{"language":"Log","code":211,"comment":0,"blank":1},"file:///c%3A/Program%20Files/Enigma-Tek/codeOrg/logs/requests/psCodeOrg_requests_2025-06-02_001.log":{"language":"Log","code":2420,"comment":0,"blank":1}}